<?xml version="1.0" encoding="UTF-8" ?>
<database>
	<name>shorten</name>
	<create>true</create>
	<overwrite>false</overwrite>
	<charset>utf8</charset>
	<table>
		<name>*dbprefix*shorten</name>
		<declaration>
			<field>
				<name>id</name>
				<type>integer</type>
				<default>0</default>
				<notnull>true</notnull>
				<autoincrement>1</autoincrement>
				<length>32</length>
			</field>
			<field>
				<name>uid</name>
				<type>text</type>
				<notnull>true</notnull>
				<length>255</length>
			</field>
			<field>
				<name>shortcode</name>
				<type>text</type>
				<notnull>true</notnull>
				<length>8</length>
			</field>
			<field>
				<name>url</name>
				<type>text</type>
				<notnull>true</notnull>
				<length>255</length>
			</field>
		</declaration>
	</table>
</database>
