<?xml version="1.0" encoding="UTF-8" ?>
<database>
	<name>ownnote</name>
	<create>true</create>
	<overwrite>false</overwrite>
	<charset>utf8</charset>
	<table>
		<name>*dbprefix*ownnote</name>
		<declaration>
			<field>
				<name>id</name>
				<type>integer</type>
				<default>0</default>
				<notnull>true</notnull>
				<autoincrement>1</autoincrement>
				<length>32</length>
			</field>
			<field>
				<name>uid</name>
				<type>text</type>
				<notnull>true</notnull>
				<length>255</length>
			</field>
			<field>
				<name>name</name>
				<type>text</type>
				<notnull>true</notnull>
				<length>255</length>
			</field>
			<field>
				<name>grouping</name>
				<type>text</type>
				<notnull>true</notnull>
				<length>255</length>
			</field>
			<field>
				<name>shared</name>
				<type>clob</type>
				<notnull>true</notnull>
				<default></default>
			</field>
			<field>
				<name>mtime</name>
				<type>integer</type>
				<notnull>true</notnull>
				<length>32</length>
			</field>
			<field>
				<name>deleted</name>
				<type>integer</type>
				<notnull>true</notnull>
				<default>0</default>
				<length>1</length>
			</field>
			<field>
				<name>note</name>
				<type>clob</type>
				<notnull>true</notnull>
			</field>
		</declaration>
	</table>
	<table>
		<name>*dbprefix*ownnote_parts</name>
		<declaration>
			<field>
				<name>pid</name>
				<type>integer</type>
				<default>0</default>
				<notnull>true</notnull>
				<autoincrement>1</autoincrement>
				<length>32</length>
			</field>
			<field>
				<name>id</name>
				<type>integer</type>
				<default>0</default>
				<notnull>true</notnull>
				<length>32</length>
			</field>
			<field>
				<name>note</name>
				<type>clob</type>
				<notnull>true</notnull>
			</field>
		</declaration>
	</table>
</database>
